code;translation
25;Clarke
123;Tallapoosa
170;Matanuska-Susitna
185;North Slope
188;Northwest Arctic
275;Wrangell
15;Carroll
57;Hempstead
115;Pope
143;Washington
11;Colusa
27;Inyo
115;Yuba
19;Clear Creek
81;Moffat
109;Saguache
5;Sussex
13;Calhoun
121;Suwannee
91;Dodge
263;Talbot
13;Blaine
19;Bonneville
65;Madison
167;Sangamon
7;Benton
33;DeKalb
117;Orange
125;Pike
143;Osceola
147;Palo Alto
155;Pottawattamie
29;Cloud
31;Coffey
119;Meade
99;Hart
167;Mercer
69;Natchitoches
17;Charles
21;Frederick
11;Franklin
19;Nantucket
17;Bay
41;Delta
13;Blue Earth
49;Goodhue
5;Amite
71;Lafayette
83;Leflore
93;Marshall
119;Quitman
101;Toole
11;Boone
41;Custer
7;Elko
9;Esmeralda
23;Nye
3;Catron
45;San Juan
85;Richmond
69;Franklin
73;Gates
149;Polk
151;Randolph
63;Nelson
67;Harrison
137;Putnam
11;Blaine
77;Latimer
23;Chester
57;Lancaster
87;Union
45;Edmunds
81;Lawrence
101;Moody
41;DeKalb
117;Marshall
149;Rutherford
179;Washington
145;Falls
219;Hockley
261;Kenedy
269;King
277;Lamar
377;Presidio
437;Swisher
47;Uintah
25;Windham
25;Grant
61;Snohomish
41;Lewis
3;Ashland
57;Juneau
71;Manitowoc
39;Teton
20;Manu'a
67;Hormigueros
93;Maricao
111;Pe?uelas
149;Villalba
47;Clay
49;Clinton
119;McDonald
7;Broadwater
191;Wayne
193;Wilkes
13;Burke
5;Barbour
27;Clay
129;Washington
5;Baxter
55;Greene
59;Hot Spring
113;Polk
133;Sevier
41;El Paso
43;Glades
67;Lafayette
115;Sarasota
65;Clinch
135;Gwinnett
157;Jackson
297;Walton
317;Wilkes
43;Fremont
45;Gem
75;Payette
79;Shoshone
9;Brown
41;Douglas
115;Macon
117;Macoupin
163;St. Clair
99;Marshall
123;Perry
163;Vanderburgh
81;Hancock
105;Jones
179;Wapello
19;Chautauqua
49;Elk
81;Haskell
129;Morton
145;Pawnee
165;Rush
19;Boyd
21;Boyle
59;Daviess
85;Grayson
97;Harrison
101;Henderson
123;Larue
133;Letcher
141;Logan
201;Robertson
235;Whitley
19;Calcasieu
7;Franklin
29;Washington
27;Howard
29;Charlevoix
53;Gogebic
81;Kent
115;Monroe
35;Crow Wing
95;Mille Lacs
99;Mower
15;Carroll
37;Franklin
53;Humphreys
85;Lincoln
135;Tallahatchie
21;Dickey
19;Carroll
121;Pittsburg
11;Coos
17;Deschutes
5;Armstrong
25;Carbon
35;Clinton
59;Greene
71;Lancaster
125;Washington
9;Bamberg
39;Fairfield
73;Oconee
11;Brookings
49;Faulk
105;Perkins
37;Davidson
53;Gibson
131;Obion
3;Andrews
39;Brazoria
85;Collin
187;Guadalupe
307;McCulloch
347;Nacogdoches
383;Reagan
387;Red River
419;Shelby
477;Washington
49;Utah
57;Weber
15;Augusta
47;Culpeper
57;Essex
77;Grayson
177;Spotsylvania
570;Colonial Heights
680;Lynchburg
1;Albany
3;Big Horn
15;Arroyo
29;Can�vanas
69;Dunklin
105;Laclede
163;Pike
201;Scott
39;Granite
27;Cedar
153;Sarpy
179;Wayne
1;Churchill
19;Lyon
17;Strafford
1;Atlantic
11;Cumberland
13;Essex
23;Middlesex
1;Bernalillo
1;Albany
101;Steuben
49;Craven
147;Pitt
159;Rowan
1;Autauga
23;Choctaw
1;Apache
71;San Bernardino
15;Charlotte
21;Collier
81;Crisp
217;Newton
1;Hawaii
41;Franklin
55;Franklin
155;Putnam
191;Wayne
47;Franklin
11;Benton
13;Black Hawk
17;Bremer
41;Clay
11;Bath
221;Trigg
55;Lafayette
87;St. Bernard
11;Kennebec
25;Harford
1;Barnstable
43;Dickinson
113;Missaukee
135;Oscoda
165;Wexford
33;Cottonwood
51;Grant
85;McLeod
129;Renville
27;Coahoma
57;Itawamba
155;Webster
123;Madison
139;Montgomery
159;Pettis
197;Schuyler
27;Fergus
89;Sanders
91;Sheridan
35;Clay
37;Colfax
73;Gosper
175;Valley
5;Chaves
95;Schoharie
45;LaMoure
73;Ransom
63;Hughes
69;Johnston
85;Love
123;Pontotoc
131;Rogers
27;Hood River
27;Centre
9;Washington
25;Chesterfield
43;Georgetown
43;Douglas
121;Todd
11;Bradley
13;Campbell
17;Carroll
57;Calhoun
97;Cooke
165;Gaines
243;Jeff Davis
275;Knox
293;Limestone
423;Smith
459;Upshur
469;Victoria
495;Winkler
21;Rutland
179;Stafford
510;Alexandria
595;Emporia
735;Poquoson
5;Benton
33;King
11;Cabell
19;Fayette
21;Gilmer
53;Mason
97;Upshur
69;Lincoln
97;Portage
15;Goshen
21;Bayam�n
133;Santa Isabel
19;Brunswick
65;Edgecombe
175;Transylvania
31;Cape Girardeau
199;Scotland
25;Cass
131;Otoe
167;Stanton
15;Lander
35;Somerset
37;Genesee
93;Hoke
25;Dunn
39;Griggs
69;Pierce
33;Crawford
57;Greene
117;Morrow
171;Williams
91;McIntosh
7;Clatsop
31;Clarion
7;Anderson
27;Clarendon
31;Corson
35;Davison
39;Deuel
79;Lake
25;Claiborne
113;Madison
63;Camp
101;Cottle
109;Culberson
211;Hemphill
213;Henderson
247;Jim Hogg
251;Johnson
313;Madison
339;Montgomery
435;Sutton
443;Terrell
449;Titus
1;Beaver
55;Wayne
63;Floyd
97;King and Queen
199;York
770;Roanoke
11;Clark
55;San Juan
15;Clay
91;Taylor
83;Oconto
109;St. Croix
33;Cata?o
139;Trujillo Alto
141;Utuado
7;Bibb
81;Lee
3;Ashley
17;Chicot
101;Newton
127;Scott
135;Sharp
141;Van Buren
3;Alpine
15;Chaffee
59;Jefferson
51;Hendry
57;Hillsborough
59;Holmes
5;Bacon
79;Crawford
167;Johnson
187;Lumpkin
227;Pickens
251;Screven
275;Thomas
67;Minidoka
83;Twin Falls
29;Coles
59;Gallatin
79;Jasper
119;Madison
151;Pope
79;Jennings
129;Posey
145;Shelby
157;Tippecanoe
3;Adams
5;Allamakee
35;Cherokee
161;Sac
67;Grant
125;Montgomery
17;Bourbon
53;Clinton
75;Fulton
139;Livingston
171;Monroe
185;Oldham
73;Ouachita
83;Richland
9;Hancock
35;Queen Anne's
47;Emmet
55;Grand Traverse
83;Keweenaw
89;Leelanau
119;Montmorency
153;Schoolcraft
31;Cook
71;Koochiching
91;Martin
113;Pennington
137;St. Louis
161;Waseca
47;Harrison
145;Union
29;Camden
11;Bullock
45;Dale
103;Morgan
125;Tuscaloosa
122;Kenai Peninsula
9;Boone
53;Grant
69;Jefferson
55;Napa
7;Archuleta
27;Custer
93;Park
160;Northwest Hills
19;Clay
55;Highlands
86;Miami-Dade
49;Charlton
131;Grady
183;Long
189;McDuffie
215;Muscogee
233;Polk
301;Warren
305;Wayne
3;Honolulu
49;Idaho
69;Nez Perce
121;Marion
13;Brown
17;Cass
55;Delaware
87;Henry
187;Webster
195;Worth
197;Wright
75;Hamilton
95;Kingman
131;Nemaha
139;Osage
141;Osborne
13;Bell
55;Crittenden
115;Johnson
199;Pulaski
121;West Baton Rouge
123;West Carroll
1;Allegany
97;Mackinac
99;Macomb
149;Stevens
3;Alcorn
31;Covington
51;Holmes
73;Lamar
81;Lee
43;Christian
113;Lincoln
133;Mississippi
143;New Madrid
151;Osage
5;Blaine
33;Cheyenne
89;Holt
145;Red Willow
13;Humboldt
11;Cayuga
121;Wyoming
43;Clay
115;Madison
139;Pasquotank
141;Pender
23;Divide
59;Morton
91;Steele
77;Huron
81;Jefferson
29;Coal
71;Yamhill
61;Huntingdon
109;Snyder
115;Susquehanna
119;Union
131;Wyoming
35;Cumberland
43;Dickson
205;Hartley
271;Kinney
405;San Augustine
421;Sherman
453;Travis
11;Davis
37;Charlotte
35;Kitsap
87;Roane
75;Marinette
11;Crook
19;Johnson
10;Eastern
120;Tinian
13;Butler
17;Chambers
105;Perry
105;Hoonah-Angoon
158;Kusilvak
195;Petersburg
11;Greenlee
13;Maricopa
1;Arkansas
71;Johnson
99;Nevada
139;Union
53;Monterey
67;Sacramento
105;Trinity
113;Yolo
65;Lake
105;Polk
3;Atkinson
117;Forsyth
119;Franklin
123;Gilmer
141;Hancock
161;Jeff Davis
231;Pike
283;Treutlen
285;Troup
11;Bingham
109;McDonough
165;Saline
183;Vermilion
43;Floyd
113;Noble
127;Porter
19;Buchanan
83;Hardin
123;Mahaska
173;Taylor
21;Cherokee
25;Clark
51;Ellis
105;Lincoln
121;Miami
209;Wyandotte
9;Barren
49;Clark
91;Hancock
121;Knox
135;Lewis
45;Iberia
75;Plaquemines
109;Terrebonne
3;Aroostook
19;Dorchester
13;Hampden
57;Gratiot
91;Lenawee
107;Mecosta
133;Osceola
11;Big Stone
165;Watonwan
69;Kemper
163;Yazoo
183;St. Charles
29;Flathead
45;Judith Basin
65;Musselshell
69;Garden
87;Hitchcock
113;Logan
133;Pawnee
155;Saunders
11;Hillsborough
37;Sussex
41;Roosevelt
7;Broome
19;Clinton
23;Cortland
91;Saratoga
97;Schuyler
35;Catawba
45;Cleveland
161;Rutherford
3;Barnes
65;Oliver
87;Slope
45;Malheur
1;Adams
51;Fayette
93;Montour
3;Kent
79;Richland
21;Campbell
65;Hughes
117;Stanley
127;Union
3;Bedford
21;Cheatham
161;Stewart
177;Warren
187;Williamson
13;Atascosa
21;Bastrop
27;Bell
55;Caldwell
99;Coryell
151;Fisher
185;Grimes
221;Hood
249;Jim Wells
259;Kendall
291;Liberty
317;Martin
375;Potter
407;San Jacinto
451;Tom Green
467;Van Zandt
43;Clarke
125;Nelson
147;Prince Edward
195;Wise
37;Kittitas
33;Harrison
43;Lincoln
79;Putnam
103;Wetzel
39;Fond du Lac
141;Wood
23;Cabo Rojo
49;Culebra
115;St. Clair
68;Denali
23;Cleburne
93;Mississippi
9;Calaveras
21;Glenn
39;Madera
47;Merced
63;Plumas
33;Dolores
45;Garfield
83;Montezuma
129;Wakulla
23;Bleckley
53;Chattahoochee
105;Elbert
137;Habersham
159;Jasper
169;Jones
177;Lee
31;Cassia
39;Elmore
1;Adams
7;Boone
47;Edwards
95;Knox
5;Bartholomew
133;Putnam
9;Audubon
61;Dubuque
91;Humboldt
41;Dickinson
87;Jefferson
127;Morris
169;Saline
7;Ballard
5;Ascension
63;Livingston
113;Vermilion
9;Calvert
15;Cecil
9;Essex
141;Presque Isle
7;Beltrami
23;Chippewa
39;Dodge
43;Faribault
47;Freeborn
53;Hennepin
75;Lake
83;Lyon
105;Nobles
157;Wabasha
89;Madison
97;Montgomery
115;Pontotoc
11;Barton
97;Mobile
17;Navajo
25;Cleveland
85;Lonoke
103;Ouachita
69;San Benito
14;Broomfield
121;Washington
120;Greater Bridgeport
3;Baker
7;Bradford
9;Brevard
45;Gulf
61;Indian River
21;Bibb
45;Carroll
55;Chattooga
73;Columbia
107;Emanuel
125;Glascock
221;Oglethorpe
293;Upson
295;Walker
303;Washington
51;Jefferson
61;Lewis
19;Champaign
21;Christian
65;Hamilton
73;Henry
171;Scott
45;Fountain
55;Greene
61;Harrison
107;Montgomery
137;Ripley
155;Switzerland
43;Clayton
51;Davis
67;Floyd
109;Kossuth
139;Muscatine
189;Winnebago
27;Clay
39;Decatur
179;Nelson
223;Trimble
1;Androscoggin
23;Sagadahoc
25;Calhoun
95;Luce
111;Midland
5;Becker
27;Clay
29;Clearwater
57;Hubbard
77;Lake of the Woods
103;Nicollet
111;Otter Tail
115;Pine
125;Red Lake
21;Claiborne
95;Monroe
17;Bollinger
45;Clark
55;Crawford
57;Dade
155;Pemiscot
5;Arthur
15;Boyd
61;Franklin
105;Kimball
19;Sullivan
41;Warren
57;Torrance
65;Oneida
79;Putnam
111;Ulster
7;Billings
99;Walsh
3;Allen
13;Belmont
85;Lake
143;Sandusky
149;Shelby
153;Summit
173;Wood
75;Kiowa
95;Marshall
57;Tillamook
15;Bradford
41;Cumberland
33;Dillon
83;Spartanburg
13;Brown
63;Harding
91;Marshall
107;Potter
47;Fayette
61;Grundy
71;Hardin
105;Loudon
111;Macon
53;Burnet
79;Cochran
123;DeWitt
227;Howard
333;Mills
337;Montague
19;Grand
7;Amelia
19;Bedford
33;Caroline
35;Carroll
41;Chesterfield
51;Dickenson
149;Prince George
191;Washington
73;Whatcom
39;Kanawha
113;Sawyer
121;Trempealeau
139;Winnebago
75;Juana D�az
223;Wayne
15;Chouteau
61;Mineral
49;Deuel
85;Hayes
53;Socorro
9;Cattaraugus
17;Chenango
35;Fulton
55;Monroe
93;Schenectady
107;Tioga
117;Wayne
119;Westchester
55;Dare
95;Hyde
113;Macon
127;Nash
41;Hettinger
53;McKenzie
95;Lucas
131;Pike
33;Cotton
43;Dewey
107;Okfuskee
149;Washita
61;Union
63;Wallowa
53;Forest
81;Lycoming
13;Beaufort
7;Bennett
121;Meigs
167;Tipton
31;Blanco
59;Callahan
61;Cameron
75;Childress
239;Jackson
241;Jasper
433;Stonewall
479;Webb
503;Young
33;Rich
1;Adams
101;Racine
85;Northern Islands
59;Guayanilla
109;Patillas
151;Yabucoa
85;Sioux
95;Towner
15;Brown
23;Clark
35;Cuyahoga
53;Gallia
61;Hamilton
83;Knox
113;Montgomery
121;Noble
139;Richland
145;Scioto
83;Logan
87;McClain
93;Major
125;Pottawatomie
21;Cambria
1;Bristol
21;Cherokee
45;Greenville
57;Hamlin
75;Jones
85;Lyman
5;Benton
31;Coffee
63;Hamblen
33;Borden
91;Comal
93;Comanche
153;Floyd
163;Frio
169;Garza
179;Gray
265;Kerr
335;Mitchell
355;Nueces
357;Ochiltree
445;Terry
507;Zavala
39;Sanpete
36;Charles City
135;Nottoway
685;Manassas Park
29;Island
101;Webster
45;Green
47;Green Lake
67;Langlade
91;Pepin
41;Cidra
147;Vieques
30;St. Thomas
81;Harrison
207;Stoddard
13;Cascade
35;Glacier
51;Liberty
87;Rosebud
71;Garfield
97;Johnson
109;Lancaster
177;Washington
9;Cape May
21;Mercer
51;Sierra
87;Rockland
53;Currituck
57;Davidson
59;Davie
77;Granville
121;Mitchell
127;Walker
5;Amador
31;Kings
51;Mono
37;Eagle
77;Mesa
3;New Castle
107;Putnam
25;Brantley
93;Dooly
101;Echols
193;Macon
223;Paulding
253;Seminole
287;Turner
37;DeKalb
147;Piatt
189;Washington
13;Brown
63;Gove
73;Greenwood
85;Jackson
73;Franklin
77;Gallatin
127;Lawrence
149;McLean
239;Woodford
13;Bienville
77;Pointe Coupee
15;Lincoln
11;Caroline
37;Dakota
65;Kanabec
39;George
67;Jones
113;Pike
151;Washington
79;Lawrence
109;Pike
29;Conway
91;Miller
117;Prairie
29;Kern
33;Lake
75;San Francisco
107;Tulare
31;Denver
103;Rio Blanco
123;Weld
5;Bay
75;Levy
163;Jefferson
191;McIntosh
195;Madison
209;Montgomery
219;Oconee
21;Boundary
35;Clearwater
77;Power
39;De Witt
43;DuPage
75;Iroquois
77;Jackson
103;Lee
181;Union
9;Blackford
11;Boone
31;Decatur
39;Elkhart
33;Cerro Gordo
39;Clarke
141;O'Brien
5;Atchison
7;Barber
11;Bourbon
117;Marshall
123;Mitchell
157;Republic
45;Casey
71;Floyd
107;Hopkins
177;Muhlenberg
207;Russell
15;Bossier
91;St. Helena
93;St. James
23;Plymouth
147;St. Clair
59;Isanti
41;Greene
109;Pearl River
117;Prentiss
83;Henry
127;Marion
131;Miller
141;Morgan
179;Reynolds
47;Lake
29;Chase
57;Dundy
65;Furnas
127;Nemaha
149;Rock
171;Thomas
3;Carroll
31;Passaic
9;Curry
61;New York
115;Washington
199;Yancey
11;Bowman
89;Stark
7;Ashtabula
27;Clinton
155;Trumbull
39;Custer
101;Muskogee
13;Crook
37;Lake
67;Washington
13;Blair
17;Bucks
55;Franklin
31;Darlington
9;Bon Homme
95;Mellette
103;Pennington
23;Chester
55;Giles
89;Jefferson
107;McMinn
171;Unicoi
125;Dickens
183;Gregg
201;Harris
229;Hudspeth
409;San Patricio
439;Tarrant
3;Bennington
11;Appomattox
121;Montgomery
137;Orange
163;Rockbridge
670;Hopewell
750;Radford
760;Richmond
95;Tyler
5;Barron
63;La Crosse
115;Shawano
50;Western
20;St. John
33;Carroll
159;Smith
15;Austin
35;Bosque
121;Denton
135;Ector
139;Ellis
295;Lipscomb
381;Randall
397;Rockwall
7;Carbon
15;Lamoille
17;Bath
105;Lee
161;Roanoke
540;Charlottesville
590;Danville
600;Fairfax
9;Clallam
65;Stevens
69;Wahkiakum
37;Jefferson
19;Clark
27;Dodge
93;Pierce
33;Sheridan
40;Swains Island
19;Barranquitas
117;Rinc�n
143;Vega Alta
67;Pembina
77;Richland
41;Delaware
75;Holmes
87;Lawrence
165;Warren
175;Wyandot
45;Ellis
97;Mayes
43;Dauphin
79;Luzerne
103;Pike
65;McCormick
59;Hand
111;Sanborn
1;Anderson
139;Polk
67;Douglas
115;Linn
125;Maries
157;Perry
169;Pulaski
203;Shannon
215;Texas
79;Prairie
85;Roosevelt
17;Brown
99;Kearney
143;Polk
161;Sheridan
21;Mineral
43;Herkimer
59;Nassau
27;Caldwell
83;Halifax
171;Surry
37;Coosa
101;Montgomery
16;Aleutians West
27;Columbia
33;Crawford
109;Pike
131;Sebastian
137;Stone
15;Del Norte
91;Sierra
9;Baca
91;Ouray
101;Pueblo
105;Rio Grande
107;Routt
130;Lower Connecticut River Valley
7;Baker
145;Harris
201;Miller
261;Sumter
267;Tattnall
291;Union
5;Bannock
17;Bonner
3;Alexander
5;Bond
157;Randolph
185;Wabash
85;Kosciusko
119;Owen
165;Vermillion
179;Wells
7;Appanoose
181;Warren
185;Wayne
53;Ellsworth
71;Greeley
97;Kiowa
101;Lane
147;Phillips
151;Pratt
161;Riley
187;Stanton
39;Carlisle
69;Fleming
89;Greenup
143;Lyon
191;Pendleton
213;Simpson
215;Spencer
225;Union
85;Sabine
21;Piscataquis
41;Talbot
25;Chisago
41;Douglas
87;Mahnomen
133;Rock
29;Copiah
129;Smith
153;Wayne
15;Benton
61;Geneva
91;Marengo
50;Bethel
9;Graham
15;Mohave
95;Phillips
1;Kent
1;District of Columbia
87;Monroe
99;Palm Beach
27;Brooks
57;Cherokee
121;Fulton
171;Lamar
239;Quitman
257;Stephens
23;Butte
85;Valley
129;Menard
141;Ogle
175;Stark
193;White
75;Jay
183;Whitley
27;Carroll
47;Crawford
57;Des Moines
151;Pocahontas
167;Sioux
177;Van Buren
43;Doniphan
61;Geary
69;Gray
115;Marion
143;Ottawa
163;Rooks
205;Wilson
1;Adair
29;Bullitt
105;Hickman
131;Leslie
1;Acadia
11;Beauregard
57;Lafourche
67;Morehouse
17;Oxford
5;Baltimore
59;Hillsdale
79;Kalkaska
105;Mason
151;Swift
77;Lawrence
79;Leake
103;Noxubee
133;Sunflower
27;Callaway
63;DeKalb
167;Polk
5;Alleghany
51;Cumberland
103;Jones
81;Sargent
17;Butler
71;Highland
99;Mahoning
27;Cleveland
35;Klamath
69;Wheeler
3;Allegheny
115;Spink
15;Cannon
123;Monroe
145;Roane
153;Sequatchie
163;Sullivan
183;Weakley
37;Bowie
103;Crane
137;Edwards
181;Grayson
345;Motley
499;Wood
73;Gloucester
103;Lancaster
107;Loudoun
109;Louisa
141;Patrick
173;Smyth
550;Chesapeake
41;Lewis
29;Hancock
93;Tucker
11;Buffalo
53;Jackson
119;Taylor
17;Hot Springs
43;Washakie
45;Weston
27;Camuy
39;Ciales
105;Naranjito
119;R�o Grande
145;Vega Baja
19;Daniels
77;Greeley
3;Bergen
29;Luna
5;Bronx
13;Chautauqua
79;Greene
165;Scotland
177;Tyrrell
1;Adams
73;Gasconade
135;Moniteau
161;Phelps
229;Wright
99;Monroe
90;Fairbanks North Star
240;Southeast Fairbanks
1;Alameda
57;Nevada
81;San Mateo
13;Boulder
23;Columbia
27;DeSoto
29;Dixie
81;Manatee
109;St. Johns
29;Bryan
109;Evans
115;Floyd
139;Hall
149;Heard
155;Irwin
259;Stewart
281;Towns
3;Adams
33;Crawford
127;Massac
153;Pulaski
159;Richland
169;Schuyler
51;Gibson
135;Randolph
171;Warren
45;Clinton
89;Howard
135;Monroe
149;Plymouth
171;Tama
3;Anderson
155;Reno
173;Sedgwick
199;Wallace
201;Washington
51;Clay
63;Elliott
87;Green
153;Magoffin
157;Marshall
169;Metcalfe
21;Caldwell
33;East Baton Rouge
47;Iberville
51;Jefferson
25;Somerset
43;Washington
45;Wicomico
3;Alger
9;Antrim
67;Ionia
55;Houston
69;Kittson
11;Bolivar
7;Audrain
25;Caldwell
150;Kodiak Island
198;Prince of Wales-Hyder
19;Clark
7;Butte
25;Imperial
73;San Diego
79;San Luis Obispo
109;Tuolumne
49;Grand
111;San Juan
113;San Miguel
119;Teller
35;Flagler
65;Jefferson
95;Orange
103;Pinellas
133;Greene
143;Haralson
229;Pierce
243;Randolph
245;Richmond
249;Schley
299;Ware
313;Whitfield
321;Worth
5;Kalawao
7;Kauai
29;Caribou
55;Kootenai
73;Owyhee
89;Kane
143;Peoria
27;Daviess
57;Hamilton
87;LaGrange
93;Lawrence
131;Pulaski
23;Butler
163;Scott
165;Shelby
107;Linn
133;Neosho
153;Rawlins
179;Sheridan
185;Stafford
35;Calloway
217;Taylor
7;Assumption
31;De Soto
61;Lincoln
95;St. John the Baptist
115;Vernon
19;Penobscot
31;Montgomery
5;Allegan
37;Clinton
49;Genesee
159;Wadena
123;Scott
5;Atchison
9;Barry
75;Gentry
149;Oregon
153;Ozark
186;Ste. Genevieve
57;Madison
95;Stillwater
103;Keya Paha
163;Sherman
19;Hunterdon
33;Salem
11;De Baca
45;Jefferson
73;Orleans
41;Chowan
109;Lincoln
179;Union
57;Mercer
21;Champaign
45;Fairfield
47;Fayette
105;Meigs
111;Monroe
13;Bryan
129;Roger Mills
135;Sequoyah
69;Lackawanna
91;Montgomery
95;Northampton
127;Wayne
75;Orangeburg
17;Buffalo
101;Lewis
109;McNairy
155;Sevier
73;Cherokee
81;Coke
113;Dallas
143;Erath
199;Hardin
305;Lynn
411;San Saba
25;Kane
7;Chittenden
113;Madison
131;Northampton
145;Powhatan
155;Pulaski
720;Norton
53;Pierce
13;Calhoun
25;Greenbrier
27;Hampshire
77;Preston
99;Wayne
7;Bayfield
33;Dunn
77;Marquette
123;Vernon
7;Aguas Buenas
123;Salinas
63;Missoula
5;Cheshire
25;Lea
49;Santa Fe
63;Niagara
103;Suffolk
101;Ward
93;Lorain
125;Paulding
31;Comanche
47;Garfield
99;Murray
153;Woodward
5;Clackamas
43;Linn
35;Dorchester
37;Edgefield
51;Horry
91;York
51;Grant
55;Haakon
99;Minnehaha
123;Tripp
133;Overton
181;Wayne
1;Anderson
7;Aransas
11;Armstrong
77;Clay
215;Hidalgo
403;Sabine
447;Throckmorton
13;Duchesne
45;Craig
101;King William
620;Franklin
810;Virginia Beach
31;Jefferson
5;Boone
31;Hardy
45;Logan
47;McDowell
69;Ohio
133;Waukesha
9;Converse
1;Adjuntas
11;A?asco
51;Dorado
81;Lares
97;Mayag�ez
51;McIntosh
71;Ramsey
55;Geauga
25;Cimarron
151;Woods
9;Bedford
97;Northumberland
101;Philadelphia
113;Sullivan
61;Lee
63;Lexington
67;Marion
27;Clay
69;Hardeman
73;Hawkins
95;Lake
157;Shelby
165;Sumner
189;Wilson
25;Bee
95;Concho
119;Delta
297;Live Oak
309;McLennan
371;Pecos
373;Polk
487;Wilbarger
9;Essex
1;Accomack
111;Lunenburg
167;Russell
175;Southampton
181;Surry
185;Tazewell
193;Westmoreland
580;Covington
650;Hampton
683;Manassas
840;Winchester
59;Mingo
75;Pocahontas
85;Ritchie
59;Kenosha
95;Polk
129;Washburn
27;Niobrara
29;Park
61;Guaynabo
39;Cedar
41;Chariton
61;Daviess
65;Dent
77;Greene
85;Hickory
103;Knox
145;Newton
195;Saline
21;Dawson
109;Wibaux
9;Blaine
13;Box Butte
63;Frontier
91;Hooker
21;Harding
71;Orange
77;Otsego
99;Seneca
85;Harnett
195;Wilson
121;Merrick
169;Thayer
33;White Pine
31;Coffee
55;Etowah
121;Talladega
230;Skagway
282;Yakutat
31;Craighead
43;Drew
45;Faulkner
51;Garland
95;Monroe
129;Searcy
101;Sutter
51;Gunnison
57;Jackson
75;Logan
85;Montrose
99;Prowers
69;Lake
37;Calhoun
103;Effingham
111;Fannin
127;Glynn
269;Taylor
9;Benewah
57;Latah
13;Calhoun
31;Cook
63;Grundy
69;Hardin
49;Fulton
175;Union
177;Shawnee
15;Boone
117;Kenton
175;Morgan
81;Red River
111;Union
13;Carroll
37;St. Mary's
7;Alpena
31;Cheboygan
33;Chippewa
61;Houghton
63;Huron
85;Lake
129;Ogemaw
93;Meeker
119;Polk
17;Chickasaw
87;Lowndes
161;Yalobusha
13;Bates
37;Cass
95;Jackson
209;Stone
1;Beaverhead
11;Carter
83;Richland
105;Valley
111;Yellowstone
3;Antelope
47;Dawson
75;Grant
119;Madison
125;Nance
129;Nuckolls
17;Lincoln
29;Storey
35;Otero
53;Madison
113;Warren
37;Chatham
97;Iredell
101;Johnston
125;Moore
197;Yadkin
29;Emmons
63;Hancock
65;Hardin
129;Pickaway
67;Jefferson
79;Le Flore
31;Jefferson
53;Polk
59;Umatilla
105;Potter
81;Saluda
33;Custer
41;Brazos
51;Burleson
217;Hill
263;Kent
303;Lubbock
343;Morris
369;Parmer
493;Wilson
505;Zapata
31;Piute
13;Grand Isle
17;Orange
49;Cumberland
61;Fauquier
69;Frederick
83;Halifax
91;Highland
127;New Kent
171;Shenandoah
183;Sussex
740;Portsmouth
39;Klickitat
59;Skamania
77;Yakima
13;Burnett
41;Forest
61;Kewaunee
78;Menominee
111;Sauk
100;Rota
17;Barceloneta
77;Juncos
3;Baldwin
43;Cullman
133;Winston
130;Ketchikan Gateway
5;Coconino
73;Lafayette
107;Phillips
19;Fresno
45;Mendocino
99;Stanislaus
1;Adams
77;Liberty
101;Pasco
19;Berrien
43;Candler
51;Chatham
235;Pulaski
59;Lemhi
51;Fayette
91;Kankakee
103;Miami
105;Monroe
161;Union
21;Buena Vista
37;Chickasaw
65;Fayette
79;Hamilton
131;Mitchell
111;Lyon
193;Thomas
195;Trego
41;Carroll
43;Carter
79;Garrard
155;Marion
209;Scott
233;Webster
25;Catahoula
71;Orleans
97;St. Landry
13;Knox
149;St. Joseph
127;Redwood
147;Steele
1;Adams
59;Jackson
91;Marion
99;Neshoba
1;Adair
175;Randolph
225;Webster
37;Golden Valley
53;Lincoln
103;Treasure
7;Banner
55;Douglas
107;Knox
159;Seward
173;Thurston
5;Douglas
31;Washoe
5;Burlington
123;Yates
13;Beaufort
33;Caswell
105;Lee
123;Montgomery
153;Richmond
167;Stanly
189;Watauga
43;Kidder
49;McHenry
25;Clermont
79;Jackson
37;Creek
105;Nowata
111;Okmulgee
49;Morrow
3;Aurora
23;Charles Mix
87;McCook
67;Hancock
83;Houston
125;Montgomery
143;Rhea
141;El Paso
341;Moore
365;Panola
399;Runnels
415;Scurry
11;Franklin
27;Buchanan
143;Pittsylvania
197;Wythe
63;Spokane
73;Pleasants
23;Lincoln
110;Saipan
45;Comer�o
54;Florida
55;Gu?nica
99;Moca
185;St. Clair
41;Crenshaw
119;Sumter
60;Bristol Bay
119;Pulaski
121;Randolph
149;Yell
13;Contra Costa
49;Modoc
65;Riverside
11;Bent
43;Fremont
63;Jackson
113;Santa Rosa
131;Walton
9;Baldwin
67;Cobb
89;DeKalb
95;Dougherty
97;Douglas
147;Hart
207;Monroe
213;Murray
277;Tift
25;Clay
49;Effingham
85;Jo Daviess
105;Livingston
137;Morgan
19;Clark
41;Fayette
83;Knox
91;LaPorte
115;Ohio
149;Starke
115;Louisa
121;Madison
81;Grant
137;Lincoln
161;Mason
53;Jefferson Davis
77;Kalamazoo
117;Montcalm
123;Newaygo
155;Shiawassee
67;Kandiyohi
75;Lauderdale
107;Panola
3;Andrew
19;Boone
29;Cleburne
69;Houston
83;Limestone
85;Lowndes
113;Russell
110;Juneau
7;Benton
39;Dallas
63;Independence
65;Izard
97;Montgomery
35;Lassen
61;Placer
5;Arapahoe
21;Conejos
190;Western Connecticut
17;Citrus
117;Seminole
165;Jenkins
175;Laurens
225;Peach
53;Ford
99;LaSalle
149;Pike
173;Shelby
197;Will
199;Williamson
37;Dubois
153;Sullivan
159;Tipton
31;Cedar
107;Keokuk
23;Cheyenne
55;Finney
103;Henry
125;Laurel
23;Cameron
65;Madison
29;Kent
39;Somerset
3;Anoka
21;Cass
169;Winona
49;Hinds
111;Perry
21;Buchanan
17;Cass
27;Eddy
115;Morgan
123;Ottawa
29;Jackson
51;Multnomah
29;Chester
47;Elk
111;Somerset
5;Newport
89;Williamsburg
5;Beadle
19;Carter
33;Crockett
45;Dyer
93;Knox
119;Maury
47;Brooks
69;Castro
89;Colorado
133;Eastland
147;Fannin
177;Gonzales
283;La Salle
361;Orange
429;Stephens
457;Tyler
23;Washington
21;Bland
153;Prince William
775;Salem
800;Suffolk
19;Ferry
51;Pend Oreille
49;Marion
23;Crawford
43;Grant
65;Lafayette
103;Richland
107;Rusk
127;Walworth
131;Washington
35;Cayey
103;Naguabo
121;Sabana Grande
127;San Juan
59;Dallas
109;Lawrence
129;Mercer
171;Putnam
213;Taney
43;Jefferson
49;Lewis and Clark
67;Park
19;Buffalo
43;Dakota
7;Colfax
13;Do?a Ana
15;Eddy
7;Anson
17;Bladen
163;Sampson
185;Warren
101;Keith
115;Loup
139;Pierce
165;Sioux
183;Wheeler
510;Carson City
39;Union
9;Blount
15;Calhoun
27;Yuma
13;Calhoun
87;Madison
43;Mariposa
89;Shasta
97;Sonoma
53;Hinsdale
71;Las Animas
97;Osceola
11;Banks
33;Burke
47;Catoosa
83;Dade
185;Lowndes
27;Clinton
133;Monroe
21;Clay
23;Clinton
81;Johnson
169;Wabash
167;Russell
197;Wabaunsee
25;Breathitt
65;Estill
187;Owen
237;Wolfe
9;Avoyelles
37;East Feliciana
5;Bristol
15;Hampshire
19;Benzie
103;Marquette
109;Menominee
7;Attala
31;Foster
47;Logan
11;Auglaize
31;Coshocton
109;Miami
49;Garvin
65;Jackson
109;Oklahoma
63;Indiana
73;Lawrence
75;Lebanon
85;Mercer
3;Aiken
27;Clay
7;Bledsoe
51;Franklin
75;Haywood
79;Henry
127;Moore
173;Union
5;Angelina
29;Bexar
129;Donley
167;Galveston
193;Hamilton
287;Lee
311;McMullen
315;Marion
331;Milam
349;Navarro
367;Parker
465;Val Verde
485;Wichita
491;Williamson
51;Wasatch
5;Caledonia
5;Alleghany
13;Arlington
678;Lexington
820;Waynesboro
47;Okanogan
35;Jackson
51;Marshall
29;Door
81;Monroe
7;Carbon
13;Fremont
37;Sweetwater
9;Aibonito
37;Ceiba
87;Lo�za
107;Orocovis
89;Howard
181;Ripley
23;Deer Lodge
31;Gallatin
59;Meagher
71;Phillips
21;Burt
31;Cherry
93;Howard
95;Jefferson
117;McPherson
185;York
17;Grant
28;Los Alamos
47;San Miguel
69;Ontario
83;Rensselaer
9;Ashe
87;Haywood
91;Hertford
87;Holt
107;Lafayette
205;Shelby
33;Garfield
55;McCone
77;Powell
1;Adams
51;Dixon
79;Hall
135;Perkins
147;Richardson
3;Clark
11;Eureka
1;Belknap
33;Mora
1;Alamance
29;Camden
71;Gaston
135;Orange
157;Rockingham
169;Stokes
5;Benson
37;Grant
103;Wells
1;Adams
51;Fulton
127;Perry
5;Atoka
81;Lincoln
119;Payne
39;Lane
23;Cameron
19;Charleston
41;Florence
29;Codington
67;Hutchinson
125;Turner
85;Humphreys
91;Johnson
129;Morgan
49;Brown
71;Chambers
83;Coleman
105;Crockett
131;Duval
197;Hardeman
203;Harrison
253;Jones
285;Lavaca
319;Mason
379;Rains
489;Willacy
15;Emery
27;Millard
37;San Juan
87;Henrico
89;Henry
115;Mathews
187;Warren
530;Buena Vista
730;Petersburg
790;Staunton
67;Nicholas
71;Pendleton
9;Brown
17;Chippewa
25;Dane
99;Price
63;Gurabo
85;Las Piedras
113;Ponce
131;San Sebasti?n
19;Douglas
21;Gilliam
33;Josephine
65;Hale
63;Chugach
100;Haines
220;Sitka
37;Cross
145;White
59;Orange
87;Santa Cruz
3;Alamosa
17;Cheyenne
29;Delta
55;Huerfano
73;Lincoln
110;Capitol
79;Madison
111;St. Lucie
119;Sumter
13;Barrow
39;Camden
59;Clarke
87;Decatur
237;Putnam
271;Telfair
319;Wilkinson
27;Canyon
63;Lincoln
15;Carroll
35;Cumberland
67;Hancock
93;Kendall
125;Mason
3;Allen
175;Washington
85;Harrison
93;Ida
37;Crawford
203;Wichita
47;Christian
57;Cumberland
111;Jefferson
113;Jessamine
145;McCracken
159;Martin
205;Rowan
59;LaSalle
65;Ingham
69;Iosco
87;Lapeer
73;Lac qui Parle
89;Marshall
97;Morrison
167;Wilkin
173;Yellow Medicine
125;Sharkey
131;Stone
147;Walthall
159;Winston
19;Cherokee
33;Colbert
290;Yukon-Koyukuk
25;Yavapai
21;Clay
49;Fulton
147;Woodruff
17;El Dorado
23;Humboldt
103;Tehama
69;Larimer
79;Mineral
115;Sedgwick
125;Yuma
37;Franklin
47;Hamilton
71;Colquitt
75;Cook
205;Mitchell
265;Taliaferro
309;Wheeler
1;Ada
25;Camas
81;Teton
11;Bureau
71;Henderson
81;Jefferson
1;Adams
29;Dearborn
69;Huntington
77;Jefferson
89;Lake
101;Martin
177;Wayne
181;White
75;Grundy
77;Guthrie
99;Jasper
101;Jefferson
111;Lee
117;Lucas
191;Winneshiek
9;Barton
83;Hodgeman
89;Jewell
159;Rice
171;Scott
83;Graves
95;Harlan
173;Montgomery
39;Evangeline
23;Garrett
1;Alcona
13;Baraga
27;Cass
73;Isabella
101;Murray
107;Norman
109;Olmsted
131;Rice
171;Wright
101;Newton
141;Tishomingo
55;McLean
39;Defiance
59;Guernsey
73;Hocking
103;Medina
169;Wayne
35;Craig
51;Grady
127;Pushmataha
145;Wagoner
3;Benton
9;Columbia
15;Curry
19;Butler
57;Fulton
77;Lehigh
89;Monroe
129;Westmoreland
102;Oglala Lakota
81;Hickman
97;Lauderdale
115;Marion
141;Putnam
17;Bailey
45;Briscoe
65;Carson
107;Crosby
173;Glasscock
225;Houston
255;Karnes
301;Loving
363;Palo Pinto
395;Robertson
413;Schleicher
425;Somervell
461;Upton
473;Waller
483;Wheeler
45;Tooele
9;Amherst
31;Campbell
71;Giles
830;Williamsburg
15;Cowlitz
1;Barbour
83;Randolph
73;Marathon
87;Outagamie
137;Waushara
69;Humacao
71;Isabela
53;Cooper
79;Grundy
117;Livingston
69;Petroleum
151;Saline
27;Pershing
27;Morris
43;Sandoval
61;Valencia
15;Chemung
21;Columbia
41;Hamilton
49;Lewis
47;Columbus
99;Jackson
47;Dallas
87;Macon
95;Solano
25;Crowley
53;Hernando
71;Lee
133;Washington
211;Morgan
307;Webster
87;Washington
17;Cass
23;Clark
113;McLean
25;Crawford
35;Cowley
93;Kearny
103;Leavenworth
175;Seward
181;Sherman
189;Stevens
93;Hardin
147;McCreary
203;Rockcastle
3;Anne Arundel
7;Dukes
101;Manistee
125;Oakland
157;Tuscola
159;Van Buren
17;Carlton
23;Butler
9;Athens
37;Darke
141;Ross
163;Vinton
7;Beaver
15;Caddo
61;Haskell
117;Pawnee
39;Crawford
99;Perry
117;Tioga
49;Hampton
85;Sumter
137;Ziebach
65;Hamilton
103;Lincoln
127;Dimmit
175;Goliad
209;Hays
231;Hunt
245;Jefferson
323;Maverick
327;Menard
391;Refugio
393;Roberts
455;Trinity
475;Ward
481;Wharton
35;Salt Lake
27;Windsor
25;Brunswick
95;James City
117;Mecklenburg
17;Douglas
43;Lincoln
75;Whitman
9;Brooke
105;Wirt
107;Wood
51;Iron
105;Rock
41;Uinta
129;San Lorenzo
91;Howell
99;Jefferson
111;Lewis
173;Ralls
510;St. Louis
75;Powder River
45;Dawes
137;Phelps
181;Webster
27;Dutchess
75;Graham
107;Lenoir
131;Northampton
133;Onslow
66;Copper River
75;Lawrence
111;Poinsett
123;St. Francis
125;Saline
87;Morgan
1;Alachua
11;Broward
33;Escambia
77;Coweta
129;Gordon
181;Lincoln
37;Custer
45;Edgar
61;Greene
97;Lake
123;Marshall
145;Perry
179;Tazewell
109;Morgan
111;Newton
121;Parke
139;Rush
167;Vigo
97;Jackson
157;Poweshiek
37;Campbell
61;Edmonson
129;Lee
189;Owsley
195;Pike
211;Shelby
3;Allen
35;East Carroll
103;St. Tammany
31;York
47;Worcester
127;Oceana
9;Benton
33;DeSoto
35;Forrest
105;Oktibbeha
137;Tate
143;Tunica
149;Warren
19;Cavalier
35;Grand Forks
151;Stark
9;Beckham
19;Carter
71;Kay
73;Kingfisher
89;McCurtain
41;Lincoln
47;Marion
37;Columbia
45;Delaware
83;McKean
121;Venango
133;York
5;Allendale
17;Calhoun
69;Marlboro
19;Butte
25;Clark
77;Kingsbury
129;Walworth
135;Yankton
59;Greene
51;Cole
93;Iron
97;Jasper
121;Macon
227;Worth
3;Big Horn
53;Dodge
59;Fillmore
39;Rio Arriba
29;Erie
89;St. Lawrence
15;Bertie
21;Buncombe
119;Mecklenburg
137;Pamlico
155;Robeson
15;Burleigh
151;Scott
117;Deaf Smith
325;Medina
385;Real
431;Sterling
501;Yoakum
3;Box Elder
29;Morgan
29;Buckingham
45;Mason
49;Pacific
61;Monongalia
81;Raleigh
49;Iowa
135;Waupaca
25;Caguas
43;Coamo
91;Manat�
49;DeKalb
57;Fayette
77;Lauderdale
111;Randolph
164;Lake and Peninsula
7;Gila
11;Bradley
41;Desha
67;Jackson
81;Little River
85;Santa Clara
63;Kit Carson
97;Pitkin
180;Southeastern Connecticut
41;Gilchrist
89;Nassau
91;Okaloosa
1;Appling
69;Coffee
151;Henry
241;Rabun
255;Spalding
289;Twiggs
33;Clark
107;Logan
35;Delaware
147;Spencer
173;Warrick
59;Dickinson
63;Emmet
69;Franklin
133;Monona
193;Woodbury
1;Allen
17;Chase
77;Harper
99;Labette
137;Norton
149;Pottawatomie
207;Woodson
5;Anderson
31;Butler
109;Jackson
27;Claiborne
29;Concordia
79;Rapides
105;Tangipahoa
119;Webster
5;Cumberland
3;Berkshire
25;Suffolk
21;Berrien
23;Branch
45;Fillmore
117;Pipestone
121;Pope
123;Ramsey
135;Roseau
141;Sherburne
153;Todd
55;Issaquena
139;Tippah
33;Golden Valley
97;Traill
49;Franklin
91;Logan
135;Preble
157;Tuscarawas
159;Union
167;Washington
1;Adair
23;Choctaw
55;Greer
59;Harper
103;Noble
139;Texas
7;Beaver
49;Erie
67;Juniata
71;Newberry
77;Pickens
47;Fall River
71;Jackson
73;Jerauld
93;Meade
109;Roberts
29;Cocke
137;Pickett
169;Trousdale
175;Van Buren
67;Cass
149;Fayette
155;Foard
157;Fort Bend
279;Lamb
289;Leon
351;Newton
389;Reeves
401;Rusk
463;Uvalde
5;Cache
9;Daggett
17;Garfield
23;Juab
41;Sevier
3;Albemarle
93;Isle of Wight
159;Richmond
169;Scott
640;Galax
710;Norfolk
27;Grays Harbor
57;Mineral
35;Sublette
53;Fajardo
65;Hatillo
79;Lajas
83;Las Mar�as
89;Luquillo
137;Toa Baja
35;Carter
217;Vernon
93;Silver Bow
67;Gage
111;Lincoln
13;Merrimack
55;Taos
59;Union
47;Kings
51;Livingston
75;Oswego
81;Queens
109;Tompkins
25;Cabarrus
117;Martin
21;Chilton
39;Covington
51;Elmore
63;Greene
67;Henry
75;Lamar
117;Shelby
35;Crittenden
47;Franklin
79;Lincoln
83;Logan
83;Santa Barbara
23;Costilla
89;Otero
39;Gadsden
73;Leon
123;Taylor
125;Union
61;Clay
173;Lanier
311;White
15;Boise
57;Fulton
111;McHenry
139;Moultrie
201;Winnebago
59;Hancock
95;Madison
1;Adair
53;Decatur
71;Fremont
73;Greene
129;Mills
15;Butler
57;Ford
33;Caldwell
67;Fayette
197;Powell
231;Wayne
17;Caddo
117;Washington
17;Middlesex
15;Barry
75;Jackson
131;Ontonagon
139;Ottawa
151;Sanilac
161;Washtenaw
1;Aitkin
15;Brown
63;Jackson
79;Le Sueur
163;Washington
25;Clay
127;Simpson
137;Monroe
147;Nodaway
165;Platte
211;Sullivan
17;Custer
81;Ravalli
39;Cuming
83;Harlan
141;Platte
9;Grafton
7;Camden
25;Monmouth
19;Guadalupe
27;Lincoln
31;Essex
39;Cherokee
63;Durham
111;McDowell
183;Wake
83;Sheridan
105;Williams
29;Columbiana
97;Madison
141;Tillman
147;Washington
65;Wasco
33;Clearfield
47;Greenwood
61;Hanson
89;McPherson
39;Decatur
99;Lawrence
19;Bandera
115;Dawson
161;Freestone
189;Hale
191;Hall
257;Kaufman
281;Lampasas
43;Summit
1;Addison
19;Orleans
75;Goochland
133;Northumberland
139;Page
690;Martinsville
700;Newport News
23;Garfield
57;Skagit
55;Mercer
65;Morgan
15;Calumet
85;Oneida
89;Ozaukee
25;Natrona
30;Rose Island
101;Morovis
125;San Germ?n
101;Johnson
219;Warren
97;Sweet Grass
23;Butler
81;Hamilton
7;Coos
15;Rockingham
61;Duplin
67;Forsyth
143;Perquimans
145;Person
181;Vance
9;Bottineau
89;Madison
93;Marion
131;Wilcox
70;Dillingham
19;Pima
23;Santa Cruz
61;Howard
105;Perry
37;Los Angeles
77;San Joaquin
111;Ventura
47;Gilpin
117;Summit
83;Marion
85;Martin
31;Bulloch
63;Clayton
85;Dawson
99;Early
179;Liberty
9;Maui
7;Bear Lake
71;Oneida
87;Johnson
101;Lawrence
187;Warren
195;Whiteside
203;Woodford
63;Hendricks
65;Henry
97;Marion
49;Dallas
103;Johnson
113;Linn
137;Montgomery
145;Page
183;Washington
33;Comanche
109;Logan
183;Smith
191;Sumner
27;Breckinridge
119;Knott
163;Meade
89;St. Charles
99;St. Martin
125;West Feliciana
33;Prince George's
21;Norfolk
35;Clare
45;Eaton
121;Muskegon
81;Lincoln
155;Traverse
23;Clarke
61;Jasper
65;Jefferson Davis
75;Renville
5;Ashland
69;Henry
147;Seneca
161;Van Wert
41;Delaware
115;Ottawa
133;Seminole
143;Tulsa
1;Baker
55;Sherman
123;Warren
11;Barnwell
15;Berkeley
29;Colleton
37;Day
83;Lincoln
87;Jackson
43;Brewster
111;Dallam
195;Hansford
207;Haskell
273;Kleberg
299;Llano
329;Midland
471;Walker
21;Iron
53;Washington
59;Fairfax
99;King George
520;Bristol
630;Fredericksburg
67;Thurston
17;Doddridge
89;Summers
1;Adams
35;Eau Claire
79;Milwaukee
117;Sheboygan
125;Vilas
95;Maunabo
135;Toa Alta
73;Jefferson
95;Marshall
107;Pickens
13;Aleutians East
20;Anchorage
180;Nome
12;La Paz
21;Pinal
77;Lee
93;Siskiyou
35;Douglas
39;Elbert
140;Naugatuck Valley
170;South Central Connecticut
31;Duval
93;Okeechobee
127;Volusia
17;Ben Hill
113;Fayette
273;Terrell
279;Toombs
47;Gooding
131;Mercer
135;Montgomery
161;Rock Island
53;Grant
71;Jackson
151;Steuben
15;Boone
25;Calhoun
29;Cass
119;Lyon
125;Marion
127;Marshall
169;Story
59;Franklin
65;Graham
79;Harvey
91;Johnson
3;Allen
23;Bracken
151;Madison
165;Menifee
181;Nicholas
193;Perry
219;Todd
227;Warren
229;Washington
510;Baltimore
27;Worcester
39;Crawford
137;Otsego
143;Roscommon
145;Saginaw
163;Wayne
19;Carver
61;Itasca
13;Calhoun
19;Choctaw
43;Grenada
63;Jefferson
157;Wilkinson
61;Mountrail
89;Licking
101;Marion
119;Muskingum
133;Portage
3;Alfalfa
53;Grant
113;Osage
65;Jefferson
7;Providence
1;Abbeville
97;Miner
77;Henderson
135;Perry
185;White
9;Archer
23;Baylor
159;Franklin
171;Gillespie
223;Hopkins
233;Hutchinson
237;Jack
321;Matagorda
359;Oldham
85;Hanover
119;Middlesex
157;Rappahannock
610;Falls Church
660;Harrisonburg
13;Columbia
21;Franklin
71;Walla Walla
3;Berkeley
7;Braxton
23;Grant
63;Monroe
109;Wyoming
5;Campbell
10;Guam
3;Aguada
13;Arecibo
115;Quebradillas
10;St. Croix
31;Carteret
81;Guilford
129;New Hanover
173;Swain
187;Washington
71;Franklin
187;St. Francois
189;St. Louis
25;Fallon
73;Pondera
123;Morrill
17;Hudson
23;Hidalgo
25;Delaware
67;Onondaga
89;Henderson
35;Conecuh
53;Escambia
59;Franklin
71;Jackson
3;Cochise
89;Marion
41;Marin
61;Kiowa
67;La Plata
150;Northeastern Connecticut
49;Hardee
15;Bartow
35;Butts
153;Houston
197;Marion
199;Meriwether
247;Rockdale
315;Wilcox
53;Jerome
83;Jersey
177;Stephenson
15;Carroll
67;Howard
73;Jasper
141;St. Joseph
143;Scott
95;Iowa
153;Polk
159;Ringgold
45;Douglas
47;Edwards
113;McPherson
135;Ness
183;Ohio
41;Franklin
43;Grant
49;Jackson
101;St. Mary
107;Tensas
127;Winn
27;Waldo
11;Arenac
51;Gladwin
71;Iron
93;Livingston
139;Scott
143;Sibley
145;Stearns
9;Benton
45;Hancock
121;Rankin
79;Rolette
93;Stutsman
43;Erie
107;Mercer
17;Canadian
21;Cherokee
57;Harmon
137;Stephens
23;Grant
25;Harney
11;Berks
87;Mifflin
107;Schuylkill
53;Jasper
55;Kershaw
59;Laurens
15;Brule
41;Dewey
53;Gregory
69;Hyde
119;Sully
9;Blount
49;Fentress
57;Grainger
147;Robertson
87;Collingsworth
235;Irion
267;Kimble
353;Nolan
417;Shackelford
427;Starr
441;Taylor
497;Wise
23;Botetourt
53;Dinwiddie
65;Fluvanna
67;Franklin
79;Greene
81;Greensville
165;Rockingham
3;Asotin
7;Chelan
21;Columbia
31;Douglas
37;Florence
55;Jefferson
21;Laramie
31;Platte
5;Aguadilla
31;Carolina
47;Corozal
57;Guayama
73;Jayuya
153;Yauco
177;Ray
221;Washington
9;Carbon
41;Hill
99;Teton
107;Wheatland
157;Scotts Bluff
15;Gloucester
29;Ocean
6;Cibola
31;McKinley
37;Quay
3;Allegany
33;Franklin
39;Greene
57;Montgomery
105;Sullivan
3;Alexander
11;Avery
23;Burke
